{"train_loss": 0.4792814552783966, "train_accuracy": 0.7455581426620483, "epoch": 33, "trainer/global_step": 6357, "_timestamp": 1698379650.4675765, "_runtime": 3503.674700498581, "_step": 183}