{"train_loss": 0.5522080659866333, "train_accuracy": 0.7062374353408813, "epoch": 3, "trainer/global_step": 747, "_timestamp": 1698381433.651913, "_runtime": 1064.1676919460297, "_step": 53}